edge_overlap,predictor,measure_label,measure_type,outcome,estimate,std_error,ci_low,ci_high,pvalue,n
1,prop_edges_causal,Share Causal Claims,Causal,In Top 5,0.07529155280646221,0.020152131206066258,0.03579337564257235,0.11478972997035208,0.0001871435035096117,35786
1,prop_edges_causal,Share Causal Claims,Causal,In Top 6-20,0.04830113785531908,0.01857376290002012,0.011896562571279641,0.08470571313935851,0.009312534152559285,35786
1,prop_edges_causal,Share Causal Claims,Causal,In Top 21-100,0.021535597445323573,0.024719347643798937,-0.026914323936522343,0.0699855188271695,0.3836485632414066,35786
1,prop_edges_causal,Share Causal Claims,Causal,Citations,0.4794994729940283,0.08382998337623801,0.3151927055766018,0.6438062404114548,1.0746143695841624e-08,34636
1,log_num_edges_non_causal,Log N. Edges,Non-Causal,In Top 5,0.009448962396144858,0.003767650832897728,0.0020643667636653113,0.016833558028624407,0.01214885151753786,35786
1,log_num_edges_non_causal,Log N. Edges,Non-Causal,In Top 6-20,0.002047761340333423,0.0034724975835755036,-0.004758333923474564,0.008853856604141409,0.5553898231094764,35786
1,log_num_edges_non_causal,Log N. Edges,Non-Causal,In Top 21-100,-0.019594387346640284,0.004619930635065857,-0.028649451391369363,-0.010539323301911204,2.2281391008932537e-05,35786
1,log_num_edges_non_causal,Log N. Edges,Non-Causal,Citations,0.037844866221217015,0.01620879882683216,0.006075620520625977,0.06961411192180805,0.01955774576963685,34636
1,log_num_edges_causal,Log N. Edges,Causal,In Top 5,0.017897680507959354,0.0034350885062251367,0.011164907035758086,0.024630453980160623,1.8962815137441347e-07,35786
1,log_num_edges_causal,Log N. Edges,Causal,In Top 6-20,0.009833502899232207,0.003166499437746703,0.003627164001248669,0.016039841797215744,0.0019011854904152335,35786
1,log_num_edges_causal,Log N. Edges,Causal,In Top 21-100,0.005377525492996588,0.004214331974870947,-0.002882565177750468,0.013637616163743645,0.20196063179758933,35786
1,log_num_edges_causal,Log N. Edges,Causal,Citations,0.11192321390349273,0.014052301386938153,0.08438070318509396,0.13946572462189152,1.7057820187943915e-15,34636
1,log_num_novel_edges_non_causal,Log N. New Edges,Non-Causal,In Top 5,0.001017013157605859,0.0022013470157630035,-0.003297626993289628,0.0053316533085013456,0.6440871173611842,35786
1,log_num_novel_edges_non_causal,Log N. New Edges,Non-Causal,In Top 6-20,-0.01957194128319862,0.0020260906789041195,-0.023543079013850693,-0.015600803552546547,4.746427576443967e-22,35786
1,log_num_novel_edges_non_causal,Log N. New Edges,Non-Causal,In Top 21-100,-0.010731923413446505,0.0026991662982665475,-0.01602228935804894,-0.005441557468844073,7.021771915573767e-05,35786
1,log_num_novel_edges_non_causal,Log N. New Edges,Non-Causal,Citations,-0.07574926251419362,0.009100712516578666,-0.09358665904668781,-0.05791186598169943,8.85437991080914e-17,34636
1,log_num_novel_edges_causal,Log N. New Edges,Causal,In Top 5,0.02166547847849692,0.0038923588866356215,0.014036455060691103,0.02929450189630274,2.6228478937038223e-08,35786
1,log_num_novel_edges_causal,Log N. New Edges,Causal,In Top 6-20,0.012477984253905042,0.0035880853352789678,0.005445336996758266,0.01951063151105182,0.0005064946498663815,35786
1,log_num_novel_edges_causal,Log N. New Edges,Causal,In Top 21-100,0.005043071567752002,0.004775623556144585,-0.004317150602291385,0.014403293737795388,0.2909740993584756,35786
1,log_num_novel_edges_causal,Log N. New Edges,Causal,Citations,0.12234949257006889,0.01592560499458078,0.09113530678069057,0.1535636783594472,1.6004067990609637e-14,34636
1,mean_eigen_centrality_RelCumLit_non_causal_std,Topic Centrality,Non-Causal,In Top 5,0.009854405703224201,0.0017739457182388246,0.006377472095476105,0.013331339310972298,2.7946105847374184e-08,35786
1,mean_eigen_centrality_RelCumLit_non_causal_std,Topic Centrality,Non-Causal,In Top 6-20,0.01983824505604514,0.0016321772485449982,0.016639177648896945,0.02303731246319334,6.337504418918822e-34,35786
1,mean_eigen_centrality_RelCumLit_non_causal_std,Topic Centrality,Non-Causal,In Top 21-100,0.008458388693517968,0.002176064663513012,0.0041933019530324646,0.01272347543400347,0.00010166902085663869,35786
1,mean_eigen_centrality_RelCumLit_non_causal_std,Topic Centrality,Non-Causal,Citations,0.0846424267211334,0.0074057948951689635,0.07012706872660222,0.09915778471566457,3.38537930179152e-30,34636
1,mean_eigen_centrality_RelCumLit_causal_std,Topic Centrality,Causal,In Top 5,-0.001248060926315416,0.005339661698547933,-0.011713797855469364,0.009217676002838533,0.8151927652719787,35786
1,mean_eigen_centrality_RelCumLit_causal_std,Topic Centrality,Causal,In Top 6-20,-0.013371477292698929,0.004920445517925462,-0.023015550507832834,-0.003727404077565024,0.0065802103845338895,35786
1,mean_eigen_centrality_RelCumLit_causal_std,Topic Centrality,Causal,In Top 21-100,0.009891805507832961,0.006548413044416642,-0.002943084059223656,0.02272669507488958,0.1309080802079464,35786
1,mean_eigen_centrality_RelCumLit_causal_std,Topic Centrality,Causal,Citations,0.042832086739272746,0.022058209023370377,-0.00040200294653319063,0.08606617642507869,0.05217240857640147,34636
1,cause_effect_ratio_non_causal,Source-Sink Ratio,Non-Causal,In Top 5,-0.004019373372693881,0.0041245458960291175,-0.01210348332891095,0.004064736583523189,0.32981452497388464,35786
1,cause_effect_ratio_non_causal,Source-Sink Ratio,Non-Causal,In Top 6-20,-0.001409128513016856,0.003801161186698624,-0.008859404438946158,0.0060411474129124475,0.7108557283518215,35786
1,cause_effect_ratio_non_causal,Source-Sink Ratio,Non-Causal,In Top 21-100,0.0031349424373484772,0.005058426314584234,-0.006779573139236621,0.013049458013933575,0.5354285902661491,35786
1,cause_effect_ratio_non_causal,Source-Sink Ratio,Non-Causal,Citations,-0.05657001878514444,0.0168703451527521,-0.08963589528453855,-0.023504142285750325,0.0007996216232872715,34636
1,cause_effect_ratio_causal,Source-Sink Ratio,Causal,In Top 5,0.018449014286252525,0.00513549309174363,0.008383447826435011,0.028514580746070037,0.00032802009353398415,35786
1,cause_effect_ratio_causal,Source-Sink Ratio,Causal,In Top 6-20,0.007262023758972201,0.004733489841283919,-0.002015616329944279,0.016539663847888682,0.12499431447538997,35786
1,cause_effect_ratio_causal,Source-Sink Ratio,Causal,In Top 21-100,0.014282540596022677,0.006298906425988327,0.0019366840010855563,0.026628397190959798,0.02336786798669744,35786
1,cause_effect_ratio_causal,Source-Sink Ratio,Causal,Citations,0.15495601950228202,0.021106672178294233,0.11358694203282532,0.19632509697173872,2.1575011442989088e-13,34636
2,prop_edges_causal,Share Causal Claims,Causal,In Top 5,0.05793509553342379,0.019033525084775106,0.02062938636726458,0.095240804699583,0.0023374559867580867,35730
2,prop_edges_causal,Share Causal Claims,Causal,In Top 6-20,0.038636374407764594,0.017541556100649273,0.004254924450492019,0.07301782436503718,0.027631965789045088,35730
2,prop_edges_causal,Share Causal Claims,Causal,In Top 21-100,0.02554173545611153,0.023353250186939855,-0.020230634910290587,0.07131410582251364,0.27408858838350314,35730
2,prop_edges_causal,Share Causal Claims,Causal,Citations,0.4607097720639861,0.07882825821644014,0.30620638595976346,0.6152131581682088,5.127239868298392e-09,34596
2,log_num_edges_non_causal,Log N. Edges,Non-Causal,In Top 5,0.00842461138406492,0.00462958113428471,-0.0006493676391331107,0.017498590407262954,0.06880772569498637,35730
2,log_num_edges_non_causal,Log N. Edges,Non-Causal,In Top 6-20,0.00988291902971514,0.0042662984886185085,0.0015209739920228633,0.01824486406740742,0.02053612530788231,35730
2,log_num_edges_non_causal,Log N. Edges,Non-Causal,In Top 21-100,-0.010779455693213714,0.005679615656249518,-0.02191150237946277,0.0003525909930353413,0.057714692962200255,35730
2,log_num_edges_non_causal,Log N. Edges,Non-Causal,Citations,0.12206688193494654,0.019569876313624272,0.08370992436024297,0.1604238395096501,4.49794194995593e-10,34596
2,log_num_edges_causal,Log N. Edges,Causal,In Top 5,0.01939388564675595,0.005104693977129414,0.009388685451582298,0.0293990858419296,0.00014538941648820257,35730
2,log_num_edges_causal,Log N. Edges,Causal,In Top 6-20,0.015314405367833763,0.004704517520635016,0.006093551027389132,0.024535259708278395,0.0011339601721741747,35730
2,log_num_edges_causal,Log N. Edges,Causal,In Top 21-100,0.007054298352942155,0.006263669241783555,-0.005222493360953612,0.019331090066837923,0.2600780384996867,35730
2,log_num_edges_causal,Log N. Edges,Causal,Citations,0.15559248522191158,0.020925773451439204,0.11457796925709074,0.1966070011867324,1.0662696340987406e-13,34596
2,log_num_novel_edges_non_causal,Log N. New Edges,Non-Causal,In Top 5,0.006460171105559061,0.002589673420512854,0.001384411201353868,0.011535931009764255,0.012614791278037671,35730
2,log_num_novel_edges_non_causal,Log N. New Edges,Non-Causal,In Top 6-20,-0.020031634776089813,0.0023843822669752214,-0.024705024019361248,-0.01535824553281838,4.581225814857313e-17,35730
2,log_num_novel_edges_non_causal,Log N. New Edges,Non-Causal,In Top 21-100,-0.004198913215910954,0.0031772489840386936,-0.010426321224626793,0.0020284947928048847,0.18632443531200918,35730
2,log_num_novel_edges_non_causal,Log N. New Edges,Non-Causal,Citations,-0.09357338900819215,0.010657099255849541,-0.11446130354965725,-0.07268547446672705,1.7025852672622067e-18,34596
2,log_num_novel_edges_causal,Log N. New Edges,Causal,In Top 5,0.022460403353969396,0.005658987469418953,0.011368787913908248,0.033552018794030546,7.23223601673185e-05,35730
2,log_num_novel_edges_causal,Log N. New Edges,Causal,In Top 6-20,0.01823647449385943,0.005215335061654151,0.008014417773017295,0.028458531214701568,0.0004716193036625244,35730
2,log_num_novel_edges_causal,Log N. New Edges,Causal,In Top 21-100,0.005407639993331912,0.0069440027553343405,-0.008202605407123396,0.01901788539378722,0.43613234218566044,35730
2,log_num_novel_edges_causal,Log N. New Edges,Causal,Citations,0.16414599762725016,0.02319163645514269,0.1186903901751705,0.20960160507932982,1.49238048095746e-12,34596
2,mean_eigen_centrality_RelCumLit_non_causal_std,Topic Centrality,Non-Causal,In Top 5,0.004116108915821075,0.001705507490877312,0.0007733142337015431,0.007458903597940606,0.015808523436549156,35730
2,mean_eigen_centrality_RelCumLit_non_causal_std,Topic Centrality,Non-Causal,In Top 6-20,0.01667251236059583,0.0015693704945817619,0.013596546191215579,0.019748478529976084,2.5315602849608828e-26,35730
2,mean_eigen_centrality_RelCumLit_non_causal_std,Topic Centrality,Non-Causal,In Top 21-100,0.006694497550473262,0.002092212533364787,0.002593760985078279,0.010795234115868246,0.0013768065621949138,35730
2,mean_eigen_centrality_RelCumLit_non_causal_std,Topic Centrality,Non-Causal,Citations,0.10473140076318639,0.0070843448249639,0.09084608490625715,0.11861671662011564,2.649035858406386e-49,34596
2,mean_eigen_centrality_RelCumLit_causal_std,Topic Centrality,Causal,In Top 5,-0.012048585265185914,0.006173968805290981,-0.024149564123556237,5.2393593184409115e-05,0.05100376892534857,35730
2,mean_eigen_centrality_RelCumLit_causal_std,Topic Centrality,Causal,In Top 6-20,-0.009851492688268109,0.005689726620905032,-0.021003356865241973,0.0013003714887057545,0.08337969061925028,35730
2,mean_eigen_centrality_RelCumLit_causal_std,Topic Centrality,Causal,In Top 21-100,0.008336718524367478,0.007574592050346274,-0.006509481894311218,0.023182918943046173,0.27107116630104827,35730
2,mean_eigen_centrality_RelCumLit_causal_std,Topic Centrality,Causal,Citations,0.05141751838798387,0.025815523750496727,0.0008190918370102884,0.10201594493895745,0.04640869534432059,34596
2,cause_effect_ratio_non_causal,Source-Sink Ratio,Non-Causal,In Top 5,-0.006073488044155536,0.002937379423012407,-0.011830751713259854,-0.0003162243750512179,0.03867964074662298,35730
2,cause_effect_ratio_non_causal,Source-Sink Ratio,Non-Causal,In Top 6-20,0.001225049673845094,0.002707115909331523,-0.004080897508444691,0.006530996856134879,0.6508903608305616,35730
2,cause_effect_ratio_non_causal,Source-Sink Ratio,Non-Causal,In Top 21-100,-0.004242112418632673,0.0036037665060744536,-0.011305494770538601,0.002821269933273256,0.23915028238283925,35730
2,cause_effect_ratio_non_causal,Source-Sink Ratio,Non-Causal,Citations,-0.026022974998822977,0.012001410515795076,-0.04954573960978133,-0.0025002103878646285,0.030140663567185522,34596
2,cause_effect_ratio_causal,Source-Sink Ratio,Causal,In Top 5,0.019660976311078264,0.005783450618744495,0.008325413098339054,0.030996539523817472,0.0006757721410611601,35730
2,cause_effect_ratio_causal,Source-Sink Ratio,Causal,In Top 6-20,0.011108713770782321,0.005330315922733043,0.0006612945622255558,0.021556132979339088,0.03716153900986231,35730
2,cause_effect_ratio_causal,Source-Sink Ratio,Causal,In Top 21-100,0.015301366179159516,0.007095909418158119,0.0013933837195696016,0.02920934863874943,0.031061884197632464,35730
2,cause_effect_ratio_causal,Source-Sink Ratio,Causal,Citations,0.16127884075443355,0.023776856081951868,0.11467620283380789,0.2078814786750592,1.195845381320048e-11,34596
3,prop_edges_causal,Share Causal Claims,Causal,In Top 5,0.059177466589336036,0.019449262149611936,0.021056912776096642,0.09729802040257543,0.0023466972943093603,35479
3,prop_edges_causal,Share Causal Claims,Causal,In Top 6-20,0.02195244524740486,0.017943431581630913,-0.013216680652591725,0.05712157114740145,0.22117729853467874,35479
3,prop_edges_causal,Share Causal Claims,Causal,In Top 21-100,0.007685918843579991,0.02388558539275729,-0.0391298285262243,0.05450166621338428,0.7476207833530009,35479
3,prop_edges_causal,Share Causal Claims,Causal,Citations,0.3256973568868351,0.08045397226215174,0.16800757125301768,0.4833871425206525,5.1716219022755184e-05,34393
3,log_num_edges_non_causal,Log N. Edges,Non-Causal,In Top 5,0.001533657660403336,0.004109777254427778,-0.006521505758275109,0.00958882107908178,0.7090219667382288,35479
3,log_num_edges_non_causal,Log N. Edges,Non-Causal,In Top 6-20,0.017355005570559853,0.003790055045822526,0.0099264976807477,0.024783513460372004,4.685881406406196e-06,35479
3,log_num_edges_non_causal,Log N. Edges,Non-Causal,In Top 21-100,0.004363068956345422,0.005046511083806847,-0.005528092767915997,0.014254230680606841,0.3872799491060298,35479
3,log_num_edges_non_causal,Log N. Edges,Non-Causal,Citations,0.12791449015019532,0.016976683507196933,0.09464019047608933,0.1611887898243013,5.0141124412711396e-14,34393
3,log_num_edges_causal,Log N. Edges,Causal,In Top 5,0.020560173044278294,0.007218069209996638,0.0064127573926848844,0.034707588695871705,0.004396065008523008,35479
3,log_num_edges_causal,Log N. Edges,Causal,In Top 6-20,0.01722040598375985,0.006658625624407563,0.004169499759921027,0.03027131220759867,0.009708566867132366,35479
3,log_num_edges_causal,Log N. Edges,Causal,In Top 21-100,0.0011701427748135153,0.008864358658783445,-0.016204000196402037,0.018544285746029066,0.894980808832886,35479
3,log_num_edges_causal,Log N. Edges,Causal,Citations,0.15160597118170652,0.02971531190735281,0.09336395984329501,0.20984798252011802,3.3796244690852666e-07,34393
3,log_num_novel_edges_non_causal,Log N. New Edges,Non-Causal,In Top 5,0.00955372983824759,0.0027684854270966673,0.004127498401138122,0.014979961275357057,0.0005593986687710038,35479
3,log_num_novel_edges_non_causal,Log N. New Edges,Non-Causal,In Top 6-20,-0.013307305321170236,0.002553310598776574,-0.01831179409477232,-0.008302816547568152,1.8807900518817064e-07,35479
3,log_num_novel_edges_non_causal,Log N. New Edges,Non-Causal,In Top 21-100,0.0025460152063061787,0.0034000745400580693,-0.004118130892207637,0.009210161304819995,0.4539757458853896,35479
3,log_num_novel_edges_non_causal,Log N. New Edges,Non-Causal,Citations,-0.0789381422627637,0.011369432852447273,-0.10122223065356035,-0.05665405387196705,3.90630096336192e-12,34393
3,log_num_novel_edges_causal,Log N. New Edges,Causal,In Top 5,0.023325143716906086,0.00787333400082503,0.007893409075289027,0.03875687835852314,0.0030530503356119704,35479
3,log_num_novel_edges_causal,Log N. New Edges,Causal,In Top 6-20,0.020447828610110016,0.007263044599267001,0.006212261195546694,0.03468339602467334,0.004875486500682488,35479
3,log_num_novel_edges_causal,Log N. New Edges,Causal,In Top 21-100,-0.0056900710078889695,0.009669121116403234,-0.024641548396039305,0.013261406380261367,0.5562148337969064,35479
3,log_num_novel_edges_causal,Log N. New Edges,Causal,Citations,0.15791573809320691,0.03238257763031394,0.09444588593779159,0.22138559024862225,1.0843116049150115e-06,34393
3,mean_eigen_centrality_RelCumLit_non_causal_std,Topic Centrality,Non-Causal,In Top 5,0.001554814328271897,0.0016949369613950987,-0.0017672621160624963,0.00487689077260629,0.35897666249273685,35479
3,mean_eigen_centrality_RelCumLit_non_causal_std,Topic Centrality,Non-Causal,In Top 6-20,0.012190028763329799,0.0015622148498139843,0.00912808765769439,0.015251969868965208,6.208459374135179e-15,35479
3,mean_eigen_centrality_RelCumLit_non_causal_std,Topic Centrality,Non-Causal,In Top 21-100,0.006764803320305021,0.0020809930905301087,0.002686056862866008,0.010843549777744033,0.001152055128216969,35479
3,mean_eigen_centrality_RelCumLit_non_causal_std,Topic Centrality,Non-Causal,Citations,0.11351775659814307,0.006998693034047062,0.09980031825141084,0.1272351949448753,6.0490588534709385e-59,34393
3,mean_eigen_centrality_RelCumLit_causal_std,Topic Centrality,Causal,In Top 5,0.0022055289904677673,0.007783390418918878,-0.013049916230613233,0.01746097421154877,0.776899836632965,35479
3,mean_eigen_centrality_RelCumLit_causal_std,Topic Centrality,Causal,In Top 6-20,-0.01381356325151078,0.007179619863853805,-0.027885618184664236,0.00025849168164267765,0.05436302563467189,35479
3,mean_eigen_centrality_RelCumLit_causal_std,Topic Centrality,Causal,In Top 21-100,0.004827082748700121,0.009557502461118876,-0.013905622075092878,0.02355978757249312,0.6135219992709557,35479
3,mean_eigen_centrality_RelCumLit_causal_std,Topic Centrality,Causal,Citations,0.0329971499643168,0.03379185992335825,-0.03323489548546537,0.09922919541409897,0.32883243721000166,34393
3,cause_effect_ratio_non_causal,Source-Sink Ratio,Non-Causal,In Top 5,-0.00607218581421629,0.00249183911421995,-0.010956190478087392,-0.0011881811503451876,0.014821571347754837,35479
3,cause_effect_ratio_non_causal,Source-Sink Ratio,Non-Causal,In Top 6-20,-0.001382055844902327,0.0022988413029014386,-0.005887784798589146,0.0031236731087844923,0.5477128160276968,35479
3,cause_effect_ratio_non_causal,Source-Sink Ratio,Non-Causal,In Top 21-100,0.002283099231675131,0.0030600579063855982,-0.003714614264840641,0.008280812728190904,0.45561392682724977,35479
3,cause_effect_ratio_non_causal,Source-Sink Ratio,Non-Causal,Citations,-0.011054277764270468,0.010228492851116638,-0.031102123752459077,0.008993568223918141,0.2798231384259969,34393
3,cause_effect_ratio_causal,Source-Sink Ratio,Causal,In Top 5,0.01392111781250111,0.0071256165549442125,-4.509063518954616e-05,0.027887326260191768,0.0507478714875037,35479
3,cause_effect_ratio_causal,Source-Sink Ratio,Causal,In Top 6-20,0.009630433140719728,0.0065733613567323075,-0.003253355118475595,0.022514221399915053,0.1429107493709087,35479
3,cause_effect_ratio_causal,Source-Sink Ratio,Causal,In Top 21-100,0.00590787530963883,0.008750234977848494,-0.011242585246944216,0.023058335866221878,0.49957368234086674,35479
3,cause_effect_ratio_causal,Source-Sink Ratio,Causal,Citations,0.1340834324703575,0.029319456274338407,0.07661729817265422,0.19154956676806079,4.820301257692965e-06,34393
4,prop_edges_causal,Share Causal Claims,Causal,In Top 5,0.059111747867668187,0.023415062190630945,0.013218225974031536,0.10500526976130484,0.011590372797560313,32901
4,prop_edges_causal,Share Causal Claims,Causal,In Top 6-20,0.03408335950734029,0.021761642279368516,-0.008569459360222,0.07673617837490257,0.11730847057309429,32901
4,prop_edges_causal,Share Causal Claims,Causal,In Top 21-100,0.011364286810587071,0.028850404990714618,-0.04518250697121358,0.06791108059238772,0.6936545527738348,32901
4,prop_edges_causal,Share Causal Claims,Causal,Citations,0.2450345928834515,0.09539818034382812,0.05805415940954839,0.4320150263573546,0.010217101790439656,32136
4,log_num_edges_non_causal,Log N. Edges,Non-Causal,In Top 5,-0.0031807127206088326,0.004359732262544724,-0.01172578795519649,0.005364362513978825,0.4656606704584012,32901
4,log_num_edges_non_causal,Log N. Edges,Non-Causal,In Top 6-20,0.011988075842333582,0.00405112763696529,0.004047865673881613,0.01992828601078555,0.0030866397076683835,32901
4,log_num_edges_non_causal,Log N. Edges,Non-Causal,In Top 21-100,0.013605803602456073,0.005370768630325085,0.0030790970870189054,0.02413251011789324,0.011303816626056357,32901
4,log_num_edges_non_causal,Log N. Edges,Non-Causal,Citations,0.11485706758981225,0.017855214007059795,0.07986084813597505,0.14985328704364945,1.2712749862854784e-10,32136
4,log_num_edges_causal,Log N. Edges,Causal,In Top 5,0.03126880055415728,0.011351576317207986,0.00901971097242963,0.053517890135884934,0.005880023515329997,32901
4,log_num_edges_causal,Log N. Edges,Causal,In Top 6-20,0.019468534739031363,0.010550043645219415,-0.0012095508055986887,0.040146620283661415,0.06499547144122518,32901
4,log_num_edges_causal,Log N. Edges,Causal,In Top 21-100,0.0053198489382489545,0.013986880522264638,-0.022094436885389736,0.03273413476188764,0.703691323699424,32901
4,log_num_edges_causal,Log N. Edges,Causal,Citations,0.14669946353341387,0.04628732428181594,0.055976307941054626,0.23742261912577312,0.0015293808329350177,32136
4,log_num_novel_edges_non_causal,Log N. New Edges,Non-Causal,In Top 5,0.011148762818530649,0.0032025589937627504,0.004871747190755659,0.01742577844630564,0.0004998120222524843,32901
4,log_num_novel_edges_non_causal,Log N. New Edges,Non-Causal,In Top 6-20,-0.012080033943540226,0.002976040281330677,-0.017913072894948354,-0.006246994992132098,4.9376946440062867e-05,32901
4,log_num_novel_edges_non_causal,Log N. New Edges,Non-Causal,In Top 21-100,0.0027266428795139743,0.0039462951633478455,-0.005008095640647803,0.010461381399675751,0.4896097686628156,32901
4,log_num_novel_edges_non_causal,Log N. New Edges,Non-Causal,Citations,-0.06934512906925565,0.013108148200250545,-0.09503709954174672,-0.04365315859676458,1.2296210561591985e-07,32136
4,log_num_novel_edges_causal,Log N. New Edges,Causal,In Top 5,0.03652908909546884,0.012246179484818884,0.01252657730522383,0.060531600885713854,0.0028574387922890025,32901
4,log_num_novel_edges_causal,Log N. New Edges,Causal,In Top 6-20,0.021695021909956914,0.011381666370895879,-0.0006130441769990093,0.04400308799691284,0.05664107456505399,32901
4,log_num_novel_edges_causal,Log N. New Edges,Causal,In Top 21-100,-0.003308239495053146,0.01508949150705606,-0.032883642848883024,0.026267163858776733,0.8264634592886806,32901
4,log_num_novel_edges_causal,Log N. New Edges,Causal,Citations,0.15479704759262886,0.04991059666722266,0.05697227812487245,0.2526218170603853,0.001927184633313298,32136
4,mean_eigen_centrality_RelCumLit_non_causal_std,Topic Centrality,Non-Causal,In Top 5,-0.0010722626451557325,0.0017431296288268905,-0.0044887967176564375,0.002344271427344973,0.5384688440957387,32901
4,mean_eigen_centrality_RelCumLit_non_causal_std,Topic Centrality,Non-Causal,In Top 6-20,0.009881713109205484,0.0016190363615548465,0.0067084018405579844,0.013055024377852983,1.0496046192276001e-09,32901
4,mean_eigen_centrality_RelCumLit_non_causal_std,Topic Centrality,Non-Causal,In Top 21-100,0.00714527142086205,0.002147210057552596,0.002936739708058962,0.011353803133665137,0.0008766213690127243,32901
4,mean_eigen_centrality_RelCumLit_non_causal_std,Topic Centrality,Non-Causal,Citations,0.1148284191538659,0.007133231512696885,0.10084728538898,0.1288095529187518,4.4745616893834374e-58,32136
4,mean_eigen_centrality_RelCumLit_causal_std,Topic Centrality,Causal,In Top 5,-0.003251715686585441,0.01069800616384546,-0.02421980776772254,0.01771637639455166,0.7611638699024127,32901
4,mean_eigen_centrality_RelCumLit_causal_std,Topic Centrality,Causal,In Top 6-20,0.0036363921515322317,0.009941983079810495,-0.015849894684896337,0.023122678987960804,0.7145455922066812,32901
4,mean_eigen_centrality_RelCumLit_causal_std,Topic Centrality,Causal,In Top 21-100,-0.00037857733061310076,0.013180107758334964,-0.02621158853694963,0.02545443387572343,0.9770853786806843,32901
4,mean_eigen_centrality_RelCumLit_causal_std,Topic Centrality,Causal,Citations,0.03243367455074639,0.0435592551373398,-0.05294246551843962,0.1178098146199324,0.45652661096451064,32136
4,cause_effect_ratio_non_causal,Source-Sink Ratio,Non-Causal,In Top 5,-0.010498593281267444,0.0027205392861518953,-0.015830850282125157,-0.005166336280409729,0.00011406390032445778,32901
4,cause_effect_ratio_non_causal,Source-Sink Ratio,Non-Causal,In Top 6-20,0.00325542979699698,0.002528790710752618,-0.0017009999960781517,0.008211859590072111,0.19798262003508404,32901
4,cause_effect_ratio_non_causal,Source-Sink Ratio,Non-Causal,In Top 21-100,0.0041394820726394525,0.003352423114454166,-0.0024312672316907126,0.010710231376969618,0.21692376941832506,32901
4,cause_effect_ratio_non_causal,Source-Sink Ratio,Non-Causal,Citations,-0.007052773166350602,0.011138014296696733,-0.028883281187876197,0.014777734855174994,0.5265968580795469,32136
4,cause_effect_ratio_causal,Source-Sink Ratio,Causal,In Top 5,0.020872928700862877,0.009782869819735614,0.0016985038541810736,0.040047353547544684,0.03288126671528058,32901
4,cause_effect_ratio_causal,Source-Sink Ratio,Causal,In Top 6-20,0.014509042699052729,0.009091802147056054,-0.003310889509177139,0.03232897490728259,0.11053459938503964,32901
4,cause_effect_ratio_causal,Source-Sink Ratio,Causal,In Top 21-100,0.004512822792352745,0.012053438078302954,-0.019111915841121044,0.028137561425826536,0.7081081975948388,32901
4,cause_effect_ratio_causal,Source-Sink Ratio,Causal,Citations,0.12525971765679733,0.03986003856220947,0.04713404207486678,0.2033853932387279,0.001676705892212214,32136
5,prop_edges_causal,Share Causal Claims,Causal,In Top 5,0.0641461719929016,0.02812565539702501,0.009019887414732579,0.1192724565710706,0.022573503683462996,28816
5,prop_edges_causal,Share Causal Claims,Causal,In Top 6-20,0.03946734144741979,0.026373393950802033,-0.012224510696152192,0.09115919359099178,0.1345387456073442,28816
5,prop_edges_causal,Share Causal Claims,Causal,In Top 21-100,-0.012092422299455596,0.03488678243955729,-0.08047051588098789,0.0562856712820767,0.7288800903247177,28816
5,prop_edges_causal,Share Causal Claims,Causal,Citations,0.27570382548906686,0.11531152642537103,0.04969323369533965,0.5017144172827941,0.01681148015766881,28174
5,log_num_edges_non_causal,Log N. Edges,Non-Causal,In Top 5,0.0037781935747306906,0.005023076532385748,-0.006067036428745374,0.013623423578206756,0.4519566487072604,28816
5,log_num_edges_non_causal,Log N. Edges,Non-Causal,In Top 6-20,0.005676635392218331,0.004709817971022087,-0.00355460783098496,0.014907878615421623,0.22810628748434925,28816
5,log_num_edges_non_causal,Log N. Edges,Non-Causal,In Top 21-100,0.01186555952069693,0.006229692525800927,-0.0003446378298728875,0.024075756871266746,0.05683187588990045,28816
5,log_num_edges_non_causal,Log N. Edges,Non-Causal,Citations,0.11417054379511728,0.020623348820761177,0.07374878010642537,0.1545923074838092,3.1224433075774546e-08,28174
5,log_num_edges_causal,Log N. Edges,Causal,In Top 5,0.03352711066067055,0.015305771168504208,0.003527799170402305,0.0635264221509388,0.028496846438365867,28816
5,log_num_edges_causal,Log N. Edges,Causal,In Top 6-20,0.0219989617983329,0.014352075591967519,-0.006131106361923436,0.05012902995858924,0.1253344113478162,28816
5,log_num_edges_causal,Log N. Edges,Causal,In Top 21-100,-0.0011788143113339393,0.018985031227554405,-0.03838947551734057,0.036031846894672696,0.950490177206085,28816
5,log_num_edges_causal,Log N. Edges,Causal,Citations,0.16083105728095246,0.06269152696986825,0.03795566442001068,0.2837064501418942,0.01030977750974234,28174
5,log_num_novel_edges_non_causal,Log N. New Edges,Non-Causal,In Top 5,0.016328032555145904,0.0036284351032064358,0.009216299752861291,0.023439765357430517,6.82128529728666e-06,28816
5,log_num_novel_edges_non_causal,Log N. New Edges,Non-Causal,In Top 6-20,-0.01272391855234351,0.0034025744787069176,-0.01939296453060907,-0.006054872574077952,0.00018474582537903147,28816
5,log_num_novel_edges_non_causal,Log N. New Edges,Non-Causal,In Top 21-100,-0.0005241390883108885,0.004501859554106993,-0.009347783814360595,0.008299505637738819,0.9073147593126387,28816
5,log_num_novel_edges_non_causal,Log N. New Edges,Non-Causal,Citations,-0.0496398703976387,0.01489151233064449,-0.0788272345657019,-0.020452506229575503,0.0008589175795981485,28174
5,log_num_novel_edges_causal,Log N. New Edges,Causal,In Top 5,0.03642547452425036,0.0162666292845576,0.004542881126517462,0.06830806792198325,0.02514556457659339,28816
5,log_num_novel_edges_causal,Log N. New Edges,Causal,In Top 6-20,0.02051249533170748,0.015253263735107053,-0.009383901589102343,0.0504088922525173,0.17870241484595972,28816
5,log_num_novel_edges_causal,Log N. New Edges,Causal,In Top 21-100,-0.006697927490025862,0.020176902582641557,-0.046244656552003306,0.03284880157195159,0.7399217722000067,28816
5,log_num_novel_edges_causal,Log N. New Edges,Causal,Citations,0.17287206143913975,0.06662837620061435,0.04228044408593562,0.30346367879234387,0.009475813457288916,28174
5,mean_eigen_centrality_RelCumLit_non_causal_std,Topic Centrality,Non-Causal,In Top 5,-0.002877568877268921,0.0018501186429713693,-0.006503801417492805,0.0007486636629549627,0.11987542532240007,28816
5,mean_eigen_centrality_RelCumLit_non_causal_std,Topic Centrality,Non-Causal,In Top 6-20,0.007484461257926636,0.0017342765512273286,0.004085279217521072,0.010883643298332201,1.5969362717503557e-05,28816
5,mean_eigen_centrality_RelCumLit_non_causal_std,Topic Centrality,Non-Causal,In Top 21-100,0.0073374937295796906,0.0022943548555544326,0.002840558212693003,0.011834429246466379,0.0013850327721603441,28816
5,mean_eigen_centrality_RelCumLit_non_causal_std,Topic Centrality,Non-Causal,Citations,0.12141266021992746,0.007590113063593927,0.10653603861528337,0.13628928182457156,2.43418061946256e-57,28174
5,mean_eigen_centrality_RelCumLit_causal_std,Topic Centrality,Causal,In Top 5,-0.01957257074537029,0.013509655754065231,-0.04605149602333815,0.006906354532597563,0.1474088588618262,28816
5,mean_eigen_centrality_RelCumLit_causal_std,Topic Centrality,Causal,In Top 6-20,-0.0038118012102451066,0.012667778434194393,-0.028640646941266116,0.021017044520775904,0.7634889104557382,28816
5,mean_eigen_centrality_RelCumLit_causal_std,Topic Centrality,Causal,In Top 21-100,0.00010690182477054002,0.016756373954767433,-0.03273559112657363,0.032949394776114714,0.9949097581573163,28816
5,mean_eigen_centrality_RelCumLit_causal_std,Topic Centrality,Causal,Citations,-0.027493878205973682,0.05509586534706839,-0.1354817742862277,0.08049401787428036,0.6177699701765968,28174
5,cause_effect_ratio_non_causal,Source-Sink Ratio,Non-Causal,In Top 5,-0.010936378122749897,0.003266152846080453,-0.017338037701067587,-0.0045347185444322095,0.000813845744033294,28816
5,cause_effect_ratio_non_causal,Source-Sink Ratio,Non-Causal,In Top 6-20,0.0034628454309841164,0.003063038614767666,-0.0025407102539605087,0.009466401115928742,0.25826398420178515,28816
5,cause_effect_ratio_non_causal,Source-Sink Ratio,Non-Causal,In Top 21-100,0.004999609750693982,0.004051627669434704,-0.002941580481398038,0.012940799982786001,0.21722206865086371,28816
5,cause_effect_ratio_non_causal,Source-Sink Ratio,Non-Causal,Citations,-0.0009739737513042458,0.013408986819331732,-0.027255587917194443,0.025307640414585948,0.9420963788682295,28174
5,cause_effect_ratio_causal,Source-Sink Ratio,Causal,In Top 5,0.021215492371185182,0.012379264258896936,-0.003047865576252813,0.04547885031862318,0.08657757977354752,28816
5,cause_effect_ratio_causal,Source-Sink Ratio,Causal,In Top 6-20,0.012127414077619872,0.01160779635657396,-0.01062386678126509,0.034878694936504834,0.2961405817136225,28816
5,cause_effect_ratio_causal,Source-Sink Ratio,Causal,In Top 21-100,-0.0037948915804281724,0.015354527574840834,-0.03388976562711621,0.026299982466259864,0.8047928899457581,28816
5,cause_effect_ratio_causal,Source-Sink Ratio,Causal,Citations,0.12642288486063985,0.05066448743744668,0.02712048948324436,0.22572528023803534,0.012590899729283067,28174
6,prop_edges_causal,Share Causal Claims,Causal,In Top 5,0.020939229982162102,0.03595959505630925,-0.04954157632820402,0.09142003629252823,0.5603710645772494,23283
6,prop_edges_causal,Share Causal Claims,Causal,In Top 6-20,0.09414846616097348,0.034214416089049016,0.027088210626437417,0.16120872169550954,0.00593292616585136,23283
6,prop_edges_causal,Share Causal Claims,Causal,In Top 21-100,-0.03523015023954457,0.04511639818670539,-0.12365829068548714,0.05319799020639799,0.43488549818108224,23283
6,prop_edges_causal,Share Causal Claims,Causal,Citations,0.2725213332961148,0.14707512343289333,-0.015745908632356143,0.5607885752245857,0.06390395900396438,22765
6,log_num_edges_non_causal,Log N. Edges,Non-Causal,In Top 5,-0.0045232551885391326,0.006245671140029992,-0.016764770622997915,0.007718260245919652,0.46893647422825513,23283
6,log_num_edges_non_causal,Log N. Edges,Non-Causal,In Top 6-20,-0.0077952394032981265,0.005943330019140656,-0.019444166240813812,0.003853687434217559,0.18966992055457363,23283
6,log_num_edges_non_causal,Log N. Edges,Non-Causal,In Top 21-100,0.013378655047125192,0.007835720499689865,-0.0019793571322669432,0.028736667226517326,0.08776236930553437,23283
6,log_num_edges_non_causal,Log N. Edges,Non-Causal,Citations,0.09712478176908831,0.025669875054505614,0.04681182666225731,0.14743773687591932,0.0001549667701446772,22765
6,log_num_edges_causal,Log N. Edges,Causal,In Top 5,0.01628675070655831,0.02090808346606961,-0.024693092886938123,0.05726659430005475,0.4360058551970748,23283
6,log_num_edges_causal,Log N. Edges,Causal,In Top 6-20,0.05765688947964701,0.019893139583385212,0.018666335896212,0.09664744306308203,0.00375505918346217,23283
6,log_num_edges_causal,Log N. Edges,Causal,In Top 21-100,-0.019844820638962812,0.02623232020604185,-0.07126016824280484,0.03157052696487921,0.449355531776214,23283
6,log_num_edges_causal,Log N. Edges,Causal,Citations,0.17921137767383202,0.08554042725554586,0.01155214025296214,0.3468706150947019,0.036177687441040475,22765
6,log_num_novel_edges_non_causal,Log N. New Edges,Non-Causal,In Top 5,0.015592012640202992,0.004243998707990673,0.007273775172541274,0.02391025010786471,0.0002394156778070015,23283
6,log_num_novel_edges_non_causal,Log N. New Edges,Non-Causal,In Top 6-20,-0.014004363098445887,0.00403878666103168,-0.02192038495406798,-0.006088341242823795,0.0005263365584126492,23283
6,log_num_novel_edges_non_causal,Log N. New Edges,Non-Causal,In Top 21-100,0.001880924782741133,0.00532625928696055,-0.008558543419701544,0.01232039298518381,0.7239853411532524,23283
6,log_num_novel_edges_non_causal,Log N. New Edges,Non-Causal,Citations,-0.04246330559760443,0.017438175637320148,-0.07664212984675192,-0.00828448134845694,0.014896248223622163,22765
6,log_num_novel_edges_causal,Log N. New Edges,Causal,In Top 5,0.02409712476837288,0.02182371611303563,-0.01867735881317695,0.06687160834992271,0.2695301928917108,23283
6,log_num_novel_edges_causal,Log N. New Edges,Causal,In Top 6-20,0.054864572479090164,0.02076523196994273,0.014164717818002416,0.0955644271401779,0.008244008417178579,23283
6,log_num_novel_edges_causal,Log N. New Edges,Causal,In Top 21-100,-0.016031589821146077,0.027381614317802602,-0.06969955388403917,0.037636374241747025,0.5582257295819094,23283
6,log_num_novel_edges_causal,Log N. New Edges,Causal,Citations,0.17672173389349333,0.08933765716986157,0.00161992584056464,0.351823541946422,0.0479258063292846,22765
6,mean_eigen_centrality_RelCumLit_non_causal_std,Topic Centrality,Non-Causal,In Top 5,-0.005131181219682066,0.0020448377855839008,-0.009139063279426513,-0.0011232991599376208,0.012102646846604108,23283
6,mean_eigen_centrality_RelCumLit_non_causal_std,Topic Centrality,Non-Causal,In Top 6-20,0.007004545554991508,0.0019456222656801855,0.0031911259142583443,0.010817965195724671,0.00031868685091986375,23283
6,mean_eigen_centrality_RelCumLit_non_causal_std,Topic Centrality,Non-Causal,In Top 21-100,0.006697867431073235,0.0025655245248632657,0.0016694393623412343,0.011726295499805237,0.009040969876039674,23283
6,mean_eigen_centrality_RelCumLit_non_causal_std,Topic Centrality,Non-Causal,Citations,0.11272873596185819,0.00840097532618778,0.09626282432253014,0.12919464760118624,6.741979732175307e-41,22765
6,mean_eigen_centrality_RelCumLit_causal_std,Topic Centrality,Causal,In Top 5,-0.01295459766414524,0.018300921587100658,-0.048824403974862526,0.02291520864657205,0.4790356584189387,23283
6,mean_eigen_centrality_RelCumLit_causal_std,Topic Centrality,Causal,In Top 6-20,0.009654930933709213,0.0174155291637805,-0.024479506227300565,0.04378936809471899,0.5793198279511591,23283
6,mean_eigen_centrality_RelCumLit_causal_std,Topic Centrality,Causal,In Top 21-100,-0.038630270971220154,0.022960077673962742,-0.08363202321218713,0.00637148126974682,0.09248586109366762,23283
6,mean_eigen_centrality_RelCumLit_causal_std,Topic Centrality,Causal,Citations,-0.09294762099730683,0.07449706525933641,-0.2389618689056062,0.05306662691099254,0.21216544009975002,22765
6,cause_effect_ratio_non_causal,Source-Sink Ratio,Non-Causal,In Top 5,-0.009853746807778077,0.0040758062628663445,-0.01784232708299611,-0.0018651665325600426,0.015630065127666057,23283
6,cause_effect_ratio_non_causal,Source-Sink Ratio,Non-Causal,In Top 6-20,-0.0023384314890230783,0.003879061301436461,-0.00994139163983854,0.005264528661792385,0.5466247592814799,23283
6,cause_effect_ratio_non_causal,Source-Sink Ratio,Non-Causal,In Top 21-100,0.008346259710319975,0.005114055155463781,-0.001677288394389036,0.018369807815028984,0.10268802066832268,23283
6,cause_effect_ratio_non_causal,Source-Sink Ratio,Non-Causal,Citations,-0.007685761774322998,0.01676098878798878,-0.040537299798781005,0.025165776250135007,0.6465612902907887,22765
6,cause_effect_ratio_causal,Source-Sink Ratio,Causal,In Top 5,0.008467960349588972,0.016436215644949806,-0.023747022314512645,0.04068294301369059,0.6064172315415894,23283
6,cause_effect_ratio_causal,Source-Sink Ratio,Causal,In Top 6-20,0.03277440758697433,0.015639583718169814,0.002120823499361494,0.06342799167458717,0.03612793473365784,23283
6,cause_effect_ratio_causal,Source-Sink Ratio,Causal,In Top 21-100,-0.00589203620599225,0.020621758914397607,-0.046310683678211555,0.03452661126622706,0.7750956050618976,23283
6,cause_effect_ratio_causal,Source-Sink Ratio,Causal,Citations,0.11857711091610308,0.06721851225062081,-0.013171173095113717,0.25032539492731987,0.07773625839218234,22765
7,prop_edges_causal,Share Causal Claims,Causal,In Top 5,-0.0417980170615701,0.056163502680887635,-0.15187848231610987,0.06828244819296966,0.45675371605149107,16714
7,prop_edges_causal,Share Causal Claims,Causal,In Top 6-20,0.1149285942835298,0.05316060037043981,0.010733817557467773,0.21912337100959184,0.030639061417145567,16714
7,prop_edges_causal,Share Causal Claims,Causal,In Top 21-100,-0.013571998428398385,0.07094353570575522,-0.1526213284116786,0.12547733155488186,0.8482873686188424,16714
7,prop_edges_causal,Share Causal Claims,Causal,Citations,0.22267921525618817,0.2274455148479633,-0.22311399384581987,0.6684724243581962,0.32757263928316127,16369
7,log_num_edges_non_causal,Log N. Edges,Non-Causal,In Top 5,-0.00983820999204036,0.009007475719356216,-0.027492862401978544,0.007816442417897824,0.27474903112004373,16714
7,log_num_edges_non_causal,Log N. Edges,Non-Causal,In Top 6-20,-0.010847466906151071,0.008526816203628778,-0.027560026665263478,0.005865092852961336,0.20333433510086724,16714
7,log_num_edges_non_causal,Log N. Edges,Non-Causal,In Top 21-100,0.020545701247718616,0.011377008270056556,-0.0017532349615922323,0.04284463745702946,0.07095250985967574,16714
7,log_num_edges_non_causal,Log N. Edges,Non-Causal,Citations,0.07649932016318917,0.03677431143651177,0.004421669747626103,0.14857697057875224,0.03751926468012972,16369
7,log_num_edges_causal,Log N. Edges,Causal,In Top 5,-0.022801377521642525,0.035061800217693805,-0.09152250594832237,0.045919750905037325,0.5154947296331418,16714
7,log_num_edges_causal,Log N. Edges,Causal,In Top 6-20,0.07698746126689106,0.0331863111668355,0.011942291379893485,0.14203263115388864,0.020360685169201725,16714
7,log_num_edges_causal,Log N. Edges,Causal,In Top 21-100,-0.011744976277561133,0.04428847335639888,-0.09855038405610293,0.07506043150098067,0.7908643584156462,16714
7,log_num_edges_causal,Log N. Edges,Causal,Citations,0.17187129256237996,0.1421645429542332,-0.10677121162791711,0.450513796752677,0.22669559292539118,16369
7,log_num_novel_edges_non_causal,Log N. New Edges,Non-Causal,In Top 5,0.009470062008212434,0.005440456665297856,-0.0011932330557713634,0.020133357072196233,0.08175916829151332,16714
7,log_num_novel_edges_non_causal,Log N. New Edges,Non-Causal,In Top 6-20,-0.0126802315182629,0.005149738858101949,-0.022773719680142718,-0.00258674335638308,0.01381473269451175,16714
7,log_num_novel_edges_non_causal,Log N. New Edges,Non-Causal,In Top 21-100,0.014654201642969374,0.006871752364726353,0.0011855670081057212,0.028122836277833026,0.032978064553531916,16714
7,log_num_novel_edges_non_causal,Log N. New Edges,Non-Causal,Citations,-0.04355986656313506,0.022212614945431988,-0.08709659185618177,-2.3141270088365695e-05,0.04989111759216752,16369
7,log_num_novel_edges_causal,Log N. New Edges,Causal,In Top 5,-0.026099925881219996,0.036075073142623613,-0.09680706924076228,0.04460721747832229,0.469389535422999,16714
7,log_num_novel_edges_causal,Log N. New Edges,Causal,In Top 6-20,0.0888453888943942,0.0341440642728245,0.02192302291965817,0.15576775486913022,0.00927437359623344,16714
7,log_num_novel_edges_causal,Log N. New Edges,Causal,In Top 21-100,-0.009442800556906243,0.045568568473062655,-0.09875719476410905,0.07987159365029656,0.835839177388106,16714
7,log_num_novel_edges_causal,Log N. New Edges,Causal,Citations,0.17010918414288873,0.1462992946676045,-0.11663743340561611,0.45685580169139356,0.24494883194180297,16369
7,mean_eigen_centrality_RelCumLit_non_causal_std,Topic Centrality,Non-Causal,In Top 5,-0.00437013888459095,0.0024093161963967095,-0.0090923986295285,0.0003521208603466004,0.06971874575001186,16714
7,mean_eigen_centrality_RelCumLit_non_causal_std,Topic Centrality,Non-Causal,In Top 6-20,0.002169180885574076,0.0022809418239254546,-0.002301465089319815,0.006639826860467967,0.34161700129158257,16714
7,mean_eigen_centrality_RelCumLit_non_causal_std,Topic Centrality,Non-Causal,In Top 21-100,0.007754188739817341,0.0030430143558153383,0.0017898806024192774,0.013718496877215405,0.01083713467205107,16714
7,mean_eigen_centrality_RelCumLit_non_causal_std,Topic Centrality,Non-Causal,Citations,0.11313380677428407,0.009826162638786645,0.09387452800226224,0.13239308554630588,1.4796345909969561e-30,16369
7,mean_eigen_centrality_RelCumLit_causal_std,Topic Centrality,Causal,In Top 5,-0.010264733379220426,0.02972147481768253,-0.06851882402187819,0.04798935726343734,0.7298249442957143,16714
7,mean_eigen_centrality_RelCumLit_causal_std,Topic Centrality,Causal,In Top 6-20,0.014299254557290562,0.028135710542431518,-0.040846738105875205,0.06944524722045634,0.6113027061091509,16714
7,mean_eigen_centrality_RelCumLit_causal_std,Topic Centrality,Causal,In Top 21-100,-0.03988194642955043,0.03754128367306507,-0.11346286242875797,0.0336989695696571,0.28809264888439884,16714
7,mean_eigen_centrality_RelCumLit_causal_std,Topic Centrality,Causal,Citations,-0.0702194950644006,0.12016406929688028,-0.30574107088628594,0.16530208075748476,0.5589838574628188,16369
7,cause_effect_ratio_non_causal,Source-Sink Ratio,Non-Causal,In Top 5,-0.015197059500129355,0.005759060099597558,-0.02648481729534057,-0.003909301704918142,0.008327518340922206,16714
7,cause_effect_ratio_non_causal,Source-Sink Ratio,Non-Causal,In Top 6-20,-0.0023661480459613274,0.005452920561426511,-0.01305387234635729,0.008321576254434635,0.6643499187789512,16714
7,cause_effect_ratio_non_causal,Source-Sink Ratio,Non-Causal,In Top 21-100,0.018918704659811922,0.007274549770857832,0.00466058710893057,0.03317682221069328,0.00931239721755444,16714
7,cause_effect_ratio_non_causal,Source-Sink Ratio,Non-Causal,Citations,-0.008207758578620172,0.023564926041744098,-0.054395013620438595,0.03797949646319826,0.7276163621189276,16369
7,cause_effect_ratio_causal,Source-Sink Ratio,Causal,In Top 5,-0.022460797300538172,0.026033630054294286,-0.07348671220695498,0.02856511760587863,0.3882813671713068,16714
7,cause_effect_ratio_causal,Source-Sink Ratio,Causal,In Top 6-20,0.029661782980279692,0.024644209892977963,-0.01864086840995711,0.07796443437051649,0.22876112019855707,16714
7,cause_effect_ratio_causal,Source-Sink Ratio,Causal,In Top 21-100,0.008489035226882725,0.03288481952963045,-0.055965211051192953,0.07294328150495841,0.7962985768550311,16714
7,cause_effect_ratio_causal,Source-Sink Ratio,Causal,Citations,0.059508558048580414,0.10561080474371169,-0.1474886192490945,0.2665057353462553,0.5731223763634234,16369
8,prop_edges_causal,Share Causal Claims,Causal,In Top 5,-0.03198812306551254,0.07605273874904422,-0.18105149101363924,0.11707524488261414,0.6740515673350518,11856
8,prop_edges_causal,Share Causal Claims,Causal,In Top 6-20,-0.006074945892804263,0.07207140706443643,-0.1473349037390997,0.13518501195349114,0.9328267726491324,11856
8,prop_edges_causal,Share Causal Claims,Causal,In Top 21-100,-0.04582239124732887,0.09755323758147443,-0.23702673690701873,0.145381954412361,0.638566056576048,11856
8,prop_edges_causal,Share Causal Claims,Causal,Citations,0.3489275279316789,0.3070408301631436,-0.2528724991880825,0.9507275550514404,0.25580410453492236,11614
8,log_num_edges_non_causal,Log N. Edges,Non-Causal,In Top 5,-0.005457878983975099,0.011959834212919587,-0.02889915404129749,0.017983396073347292,0.6481461833236789,11856
8,log_num_edges_non_causal,Log N. Edges,Non-Causal,In Top 6-20,-0.01859406653765968,0.011332468896728228,-0.04080570557524701,0.0036175724999276473,0.100870108617848,11856
8,log_num_edges_non_causal,Log N. Edges,Non-Causal,In Top 21-100,0.0007138282073333446,0.015341102794181214,-0.029354733269261836,0.030782389683928525,0.9628882620480912,11856
8,log_num_edges_non_causal,Log N. Edges,Non-Causal,Citations,0.1358159004848855,0.04867140372922965,0.040419949175595396,0.23121185179417564,0.005271836510400054,11614
8,log_num_edges_causal,Log N. Edges,Causal,In Top 5,-0.024269091916950133,0.04868819885479478,-0.11969796167234789,0.07115977783844762,0.6181695353181597,11856
8,log_num_edges_causal,Log N. Edges,Causal,In Top 6-20,0.003480130369095419,0.04613953280739166,-0.08695335393339222,0.09391361467158306,0.9398768782448894,11856
8,log_num_edges_causal,Log N. Edges,Causal,In Top 21-100,-0.042839071704459324,0.062452130756110655,-0.1652452479864362,0.07956710457751756,0.4927577690415793,11856
8,log_num_edges_causal,Log N. Edges,Causal,Citations,0.24846417461201667,0.1970786809582526,-0.1378100400661584,0.6347383892901918,0.20742941952922464,11614
8,log_num_novel_edges_non_causal,Log N. New Edges,Non-Causal,In Top 5,0.010415108393745752,0.006702023166891019,-0.0027208570133606443,0.023551073800852147,0.12020535004326052,11856
8,log_num_novel_edges_non_causal,Log N. New Edges,Non-Causal,In Top 6-20,-0.011045966463879236,0.006350965268628152,-0.023493858390390414,0.0014019254626319415,0.08201545427372645,11856
8,log_num_novel_edges_non_causal,Log N. New Edges,Non-Causal,In Top 21-100,0.011357325188737416,0.008596978968152872,-0.005492753588842214,0.028207403966317046,0.1864991810188713,11856
8,log_num_novel_edges_non_causal,Log N. New Edges,Non-Causal,Citations,-0.018510197903345203,0.027261437871813562,-0.07194261613209979,0.03492222032540938,0.49715884060133075,11614
8,log_num_novel_edges_causal,Log N. New Edges,Causal,In Top 5,-0.03694587834263683,0.04958692674697356,-0.13413625476670502,0.06024449808143135,0.4562424343067786,11856
8,log_num_novel_edges_causal,Log N. New Edges,Causal,In Top 6-20,0.009790990103356148,0.04699175009054616,-0.08231284007411432,0.10189482028082661,0.8349549825455544,11856
8,log_num_novel_edges_causal,Log N. New Edges,Causal,In Top 21-100,-0.05193645537580362,0.0636052222401276,-0.1766026909664537,0.07272978021484648,0.41420559653551803,11856
8,log_num_novel_edges_causal,Log N. New Edges,Causal,Citations,0.25002267574884374,0.20076452190652638,-0.14347578718794796,0.6435211386856354,0.21302727906498628,11614
8,mean_eigen_centrality_RelCumLit_non_causal_std,Topic Centrality,Non-Causal,In Top 5,-0.004800586067936433,0.0028610818602683883,-0.010408306514062474,0.0008071343781896074,0.09339465325957026,11856
8,mean_eigen_centrality_RelCumLit_non_causal_std,Topic Centrality,Non-Causal,In Top 6-20,-0.000536140296707868,0.002711604362183204,-0.005850884846586947,0.004778604253171212,0.843266999176305,11856
8,mean_eigen_centrality_RelCumLit_non_causal_std,Topic Centrality,Non-Causal,In Top 21-100,0.004962999733934411,0.003670084356538925,-0.0022303656048818813,0.012156365072750704,0.1763100682367304,11856
8,mean_eigen_centrality_RelCumLit_non_causal_std,Topic Centrality,Non-Causal,Citations,0.11553379539643854,0.011618600360312066,0.0927613386902269,0.13830625210265018,3.3229803216342025e-23,11614
8,mean_eigen_centrality_RelCumLit_causal_std,Topic Centrality,Causal,In Top 5,-0.0067857068090230645,0.04210180426939115,-0.0893052431770297,0.07573382955898358,0.871959289773665,11856
8,mean_eigen_centrality_RelCumLit_causal_std,Topic Centrality,Causal,In Top 6-20,0.03388343117992484,0.039896330348360404,-0.04431337630286155,0.11208023866271122,0.39573886967142835,11856
8,mean_eigen_centrality_RelCumLit_causal_std,Topic Centrality,Causal,In Top 21-100,-0.09715021437304472,0.05399696283094347,-0.2029842615216939,0.008683832775604486,0.07201584049088364,11856
8,mean_eigen_centrality_RelCumLit_causal_std,Topic Centrality,Causal,Citations,0.010947786973731003,0.16947938730868475,-0.3212318121512911,0.3431273860987531,0.9484963320560316,11614
8,cause_effect_ratio_non_causal,Source-Sink Ratio,Non-Causal,In Top 5,-0.015843518333327408,0.007635613382257554,-0.030809320562552214,-0.0008777161041026021,0.03801273231144419,11856
8,cause_effect_ratio_non_causal,Source-Sink Ratio,Non-Causal,In Top 6-20,-0.0030095194565344574,0.007237105254329538,-0.017194245755020352,0.011175206841951436,0.6775304320732025,11856
8,cause_effect_ratio_non_causal,Source-Sink Ratio,Non-Causal,In Top 21-100,0.01118278861591486,0.00979550263410824,-0.00801639654693729,0.03038197377876701,0.25363315278101317,11856
8,cause_effect_ratio_non_causal,Source-Sink Ratio,Non-Causal,Citations,0.002334550447395121,0.031178843272024505,-0.05877598236577291,0.06344508326056315,0.9403145800957748,11614
8,cause_effect_ratio_causal,Source-Sink Ratio,Causal,In Top 5,-0.01044768555596422,0.03676777179679298,-0.08251251827767847,0.061617147165750036,0.7762978426833811,11856
8,cause_effect_ratio_causal,Source-Sink Ratio,Causal,In Top 6-20,-0.02778456278404679,0.0348419240967006,-0.09607473401357997,0.04050560844548639,0.4252079153522338,11856
8,cause_effect_ratio_causal,Source-Sink Ratio,Causal,In Top 21-100,-0.017708895085197296,0.04716217625169658,-0.1101467605385226,0.074728970368128,0.7073033033498817,11856
8,cause_effect_ratio_causal,Source-Sink Ratio,Causal,Citations,0.13606244033046105,0.149001997412971,-0.15598147459896206,0.42810635525988416,0.36117820964818503,11614
9,prop_edges_causal,Share Causal Claims,Causal,In Top 5,0.02127867526634318,0.11051253339160522,-0.19532589018120305,0.2378832407138894,0.8473204255614557,7304
9,prop_edges_causal,Share Causal Claims,Causal,In Top 6-20,-0.034787869169873115,0.10798794880031003,-0.24644424881848076,0.17686851047873453,0.7473514791810009,7304
9,prop_edges_causal,Share Causal Claims,Causal,In Top 21-100,-0.344250582782163,0.1418832129235496,-0.6223416801123203,-0.06615948545200573,0.01527803379619374,7304
9,prop_edges_causal,Share Causal Claims,Causal,Citations,0.9633345331843786,0.45020888878663756,0.08092511116256895,1.845743955206188,0.032408815537650466,7170
9,log_num_edges_non_causal,Log N. Edges,Non-Causal,In Top 5,-0.02986522728008363,0.017951073838947996,-0.0650493320044217,0.005318877444254438,0.09621525085526507,7304
9,log_num_edges_non_causal,Log N. Edges,Non-Causal,In Top 6-20,-0.0035471979553112,0.017544366892172324,-0.03793415706396896,0.030839761153346558,0.8397782015449053,7304
9,log_num_edges_non_causal,Log N. Edges,Non-Causal,In Top 21-100,0.002295080835342014,0.02306041828827295,-0.04290333900967296,0.047493500680356994,0.9207244371960938,7304
9,log_num_edges_non_causal,Log N. Edges,Non-Causal,Citations,0.07494035763928715,0.07284352842074598,-0.06783295806537497,0.21771367334394925,0.3036154375461131,7170
9,log_num_edges_causal,Log N. Edges,Causal,In Top 5,0.023879365541254232,0.07477237783257593,-0.12267449501059459,0.17043322609310305,0.7494621262138423,7304
9,log_num_edges_causal,Log N. Edges,Causal,In Top 6-20,-0.033894247523098206,0.07306401917800026,-0.1770997251119787,0.10931123006578229,0.6427347759016404,7304
9,log_num_edges_causal,Log N. Edges,Causal,In Top 21-100,-0.23977553421064193,0.09599577043253985,-0.42792724425842,-0.051623824162863846,0.012519606759743484,7304
9,log_num_edges_causal,Log N. Edges,Causal,Citations,0.6539326596259292,0.3040175259553664,0.058058308753411,1.2498070104984473,0.03151205244306912,7170
9,log_num_novel_edges_non_causal,Log N. New Edges,Non-Causal,In Top 5,0.0052810072234519,0.009074189279937988,-0.012504403765226556,0.023066418212130357,0.5605974329919914,7304
9,log_num_novel_edges_non_causal,Log N. New Edges,Non-Causal,In Top 6-20,-0.01005377893549618,0.00886635820535825,-0.02743184101799835,0.007324283147005992,0.25686373222036385,7304
9,log_num_novel_edges_non_causal,Log N. New Edges,Non-Causal,In Top 21-100,-0.0010625168657284216,0.011654992997684258,-0.023906303141189567,0.021781269409732722,0.9273647197601089,7304
9,log_num_novel_edges_non_causal,Log N. New Edges,Non-Causal,Citations,-0.01831445574546642,0.0368044537131168,-0.09045118502317535,0.05382227353224252,0.6187706331802856,7170
9,log_num_novel_edges_causal,Log N. New Edges,Causal,In Top 5,0.028359071656833656,0.07584779678184642,-0.12030261003558532,0.17702075334925263,0.70849374584944,7304
9,log_num_novel_edges_causal,Log N. New Edges,Causal,In Top 6-20,-0.03094838098628761,0.07411526877857723,-0.17621430779229896,0.11431754581972375,0.6762732049368237,7304
9,log_num_novel_edges_causal,Log N. New Edges,Causal,In Top 21-100,-0.23942867791464412,0.0973779850282655,-0.4302895285700445,-0.048567827259243745,0.01396510582415415,7304
9,log_num_novel_edges_causal,Log N. New Edges,Causal,Citations,0.6474411249705366,0.30852300266093347,0.04273603975510709,1.2521462101859662,0.03589449152533318,7170
9,mean_eigen_centrality_RelCumLit_non_causal_std,Topic Centrality,Non-Causal,In Top 5,-0.003699285874945655,0.003684804844917463,-0.010921503370983882,0.0035229316210925723,0.3154458333198624,7304
9,mean_eigen_centrality_RelCumLit_non_causal_std,Topic Centrality,Non-Causal,In Top 6-20,-0.0025757083045638554,0.003600767470254854,-0.00963321254626337,0.004481795937135658,0.4744330709827035,7304
9,mean_eigen_centrality_RelCumLit_non_causal_std,Topic Centrality,Non-Causal,In Top 21-100,0.004219836476902385,0.004732767400253242,-0.005056387627593969,0.013496060581398739,0.37262545730837326,7304
9,mean_eigen_centrality_RelCumLit_non_causal_std,Topic Centrality,Non-Causal,Citations,0.12112020476658827,0.014888190377155709,0.09193935162736308,0.15030105790581347,4.808125019673303e-16,7170
9,mean_eigen_centrality_RelCumLit_causal_std,Topic Centrality,Causal,In Top 5,-0.057436856490776136,0.06882860027576843,-0.19234091303128226,0.07746720004972997,0.4040317290318979,7304
9,mean_eigen_centrality_RelCumLit_causal_std,Topic Centrality,Causal,In Top 6-20,-0.03165105874679983,0.06725876481216718,-0.1634782377786475,0.10017612028504785,0.637950266108526,7304
9,mean_eigen_centrality_RelCumLit_causal_std,Topic Centrality,Causal,In Top 21-100,-0.024149338163051676,0.0884060183144573,-0.19742513405938797,0.14912645773328462,0.7847349481303552,7304
9,mean_eigen_centrality_RelCumLit_causal_std,Topic Centrality,Causal,Citations,0.08003832872223227,0.27609998786977524,-0.46111764750252715,0.6211943049469917,0.7719096452860431,7170
9,cause_effect_ratio_non_causal,Source-Sink Ratio,Non-Causal,In Top 5,-0.011989823930778036,0.010987326367378149,-0.03352498361083921,0.009545335749283136,0.2752029332063771,7304
9,cause_effect_ratio_non_causal,Source-Sink Ratio,Non-Causal,In Top 6-20,-0.008894144548916221,0.010736750485540694,-0.02993817550057598,0.012149886402743539,0.4074806941594511,7304
9,cause_effect_ratio_non_causal,Source-Sink Ratio,Non-Causal,In Top 21-100,0.008339977157130779,0.014112744819226962,-0.019321002688554068,0.03600095700281562,0.5545699093024763,7304
9,cause_effect_ratio_non_causal,Source-Sink Ratio,Non-Causal,Citations,-0.031706163396865786,0.044648993127898995,-0.11921818992754782,0.05580586313381625,0.4776526688167573,7170
9,cause_effect_ratio_causal,Source-Sink Ratio,Causal,In Top 5,0.020406634317595984,0.05357261807813497,-0.08459569711554857,0.12540896575074054,0.7032771785956069,7304
9,cause_effect_ratio_causal,Source-Sink Ratio,Causal,In Top 6-20,-0.02269082962454735,0.05234887380250748,-0.12529462227746202,0.07991296302836731,0.664697838155506,7304
9,cause_effect_ratio_causal,Source-Sink Ratio,Causal,In Top 21-100,-0.1732974153329649,0.06877835539953661,-0.3081029919160566,-0.038491838749873136,0.011768417298140264,7304
9,cause_effect_ratio_causal,Source-Sink Ratio,Causal,Citations,0.4400779426680049,0.2180413078326091,0.012716979316091004,0.8674389060199188,0.04359493625175917,7170
